{
  "entryAssembly": "NemesisWebsite",
  "resources": {
    "hash": "sha256-cg4jn9fjUu3ATlTGlBL4JB88nvmzeGYVoQGrCXmNvM4=",
    "runtime": {
      "dotnet.6.0.29.orsp5g1g22.js": "sha256-z1NPDGzh47KZ9qzNCoVgrS0EGzpYuB04JxRB00Pj7js=",
      "dotnet.timezones.blat": "sha256-csJ9EjcYXaAQrYK1S5WLY51YBLmp7zcST7wH0IDbvgg=",
      "dotnet.wasm": "sha256-n5ir39cU2I5F0ofFU1Ouab9jtOwHNhhMCxMhF4MIB7Q=",
      "icudt_CJK.dat": "sha256-WPyI4hWDPnOw62Nr27FkzGjdbucZnQD+Ph+GOPhAedw=",
      "icudt_EFIGS.dat": "sha256-4RwaPx87Z4dvn77ie/ro3/QzyS+/gGmO3Y/0CSAXw4k=",
      "icudt_no_CJK.dat": "sha256-OxylFgLJlFqixsj+nLxYVsv5iZLvfIKMpLf9hrWaChA="
    },
    "assembly": {
      "HtmlAgilityPack.dll": "sha256-9rKMYG1QukIxCQi4J3eo4opkV83iWbdzc0o+0Q1cq58=",
      "Microsoft.AspNetCore.Components.dll": "sha256-45tddwcbUeIiInWDB/H+Y1HreUASUeQF/jzKsih6bHE=",
      "Microsoft.AspNetCore.Components.Forms.dll": "sha256-Vpcz/5VusGiE0XYz1ALJmXw6dsQRNMgOoDT+oh4Ld6g=",
      "Microsoft.AspNetCore.Components.Web.dll": "sha256-q1GVbdY14eS80WDuMz9qatVVM7Yjar/VUY96gdZXsA4=",
      "Microsoft.AspNetCore.Components.WebAssembly.dll": "sha256-rKC6GCuMzkmESr2m8q+r862LHeag6Rl5ivFiJ44OU1c=",
      "Microsoft.Extensions.Configuration.Abstractions.dll": "sha256-Yd5HWoJ8z3pGHLdLRk56mDLrXa7AkXv9+C/CdwnvOCk=",
      "Microsoft.Extensions.Configuration.dll": "sha256-qBPk1O/mfd/P9kDywnOU5wZ7vka6iecseJsfIp04HMY=",
      "Microsoft.Extensions.Configuration.Json.dll": "sha256-MbxbzG2GzywDGen8OXrqfaPkZNcCTaoxCseLZAzKH2A=",
      "Microsoft.Extensions.DependencyInjection.Abstractions.dll": "sha256-2d3alFJ/YAPM7QCppd+B6ihfFqX7s8xCtsFdURI2VUE=",
      "Microsoft.Extensions.DependencyInjection.dll": "sha256-DG4t8WcZydm0E7u9Jba98S15iYEuwN/7Lc4ZxhOzolk=",
      "Microsoft.Extensions.Logging.Abstractions.dll": "sha256-X8gP7xXXZhh3mxxUZuyJc+o2p6IJaoC4HJVbF/cgdLo=",
      "Microsoft.Extensions.Logging.dll": "sha256-rGXa3leYNXH/Cu3cszLotzdH8tyAVGZWAnSc7iI3kV4=",
      "Microsoft.Extensions.Options.dll": "sha256-5MO6w0kABIk2QL1SsZHGMeBoI3OnFe7WS9oMqwbE4Ps=",
      "Microsoft.Extensions.Primitives.dll": "sha256-QRewYnpJ6vl8gGMXBS2gN++/sQ9hKcuv+rhy586Bbxs=",
      "Microsoft.JSInterop.dll": "sha256-Y5xvN5VKurWTZmy1K66ovKGz4JqkCUlKb8v5qlXiP00=",
      "Microsoft.JSInterop.WebAssembly.dll": "sha256-dVsZnuFJzTERXx8UgcTgyfZNsc1/bp6WwC0EazZznj0=",
      "MudBlazor.dll": "sha256-HkiRqB4KpPt1Kgwj63Nk46U66yp2JEvrKt+aMbFa7gg=",
      "NemesisWebsite.dll": "sha256-ES+9Yu2G+LxzdjobakzjMFfofwrLUvleaNunieqCmjY=",
      "netstandard.dll": "sha256-XexXiaM8q5f9v7zilNZhdiuwgxG+LwU+/rVYGgV0pc0=",
      "System.Collections.Concurrent.dll": "sha256-XuIs0JgBFdxqpr02yOnMbx9nzTkkrFC0hsf9xYYhk00=",
      "System.Collections.dll": "sha256-j4p0iV6c7wclNU+LPBRsqQ8UMtlroNgXdd40Y58mrgs=",
      "System.Collections.NonGeneric.dll": "sha256-pqbZzV4kW/2SW/Irne0Q2k5naOrsgcVDMhUJNNxcRC0=",
      "System.Collections.Specialized.dll": "sha256-pV81qncPaxsdkqnwXeRpcyIT4FsccLOn9+ctEvY813I=",
      "System.ComponentModel.Annotations.dll": "sha256-KzqDFnr+NL9ldFjlS3pkD19+8c9aaMDFUCRN7YzUjVE=",
      "System.ComponentModel.dll": "sha256-F5jaw9eqeIxvgLJ8CaUZQc9sqFDm+JyqxM6pjgE8Kfs=",
      "System.ComponentModel.Primitives.dll": "sha256-TMT4Vs4Tzzty3SXAb1naRGrDyvdhlhgSMhPxnSEib4k=",
      "System.ComponentModel.TypeConverter.dll": "sha256-WsHD3EMCqwASDTTQrFCkUXvX1lWaBPaJLT9sE/0svFs=",
      "System.Console.dll": "sha256-8GD9nABCzVmax1jPRBU/uD1o9WvHusOe6suKJWfmJmc=",
      "System.Diagnostics.TraceSource.dll": "sha256-bozRzXKFb679ijM9iPWvYvkyGwmkm3Lg8SjZSJ15GrU=",
      "System.dll": "sha256-ZkKO0zqdWNB46/CYpaZUvTQEmba75FyucDdX6OSRFn8=",
      "System.Linq.dll": "sha256-0fNiu7Q1lLI+DCkCDDY800FYr8yJX5OEV9yv1rmG8+E=",
      "System.Linq.Expressions.dll": "sha256-nXGCON/8OMjt4PKteFagrw82mTRKFYPnvrXRg8nMq/0=",
      "System.Memory.dll": "sha256-0hExD9U0h1m4DOqssUUvGWjLfnYmZjff2MAFX/3uXQ4=",
      "System.Net.Http.dll": "sha256-+UozRZbucXQCdGy21fO4Ov16iZ4gybiNXpkyBHsRy1o=",
      "System.Net.Http.Json.dll": "sha256-xNIPLzLe7RPvEEdZ5TURNgMtp/bHXcdKHRC4vjF1xL0=",
      "System.Net.Primitives.dll": "sha256-ZKR3PhmAkuhjn8g3/si+/zGvVl6eHrVDLUSkyxOEZ7A=",
      "System.Net.Requests.dll": "sha256-URPgVe6g0o9OlFuP8Mo6s/KcndykkMzZ4rbjfuGnZ4Q=",
      "System.Net.WebHeaderCollection.dll": "sha256-bDtPuzC0gqm9fkttP6qFYnqPBViKL6+QE6Ah+tW9cy8=",
      "System.Net.WebProxy.dll": "sha256-ceYCLf65DeoWRGh6YsRhsr+zGg/STUa4CEDO4KcCXnQ=",
      "System.ObjectModel.dll": "sha256-qQQUPfm6Fp3p6c8Yck9Ar29zMRcnKStIp+Oliq6yjds=",
      "System.Private.CoreLib.dll": "sha256-H8rBH/WogEFQCcNt1jY6l4NtarSAYC6Pn/lgkr+Rr4Y=",
      "System.Private.Runtime.InteropServices.JavaScript.dll": "sha256-mOdsi1Luf8N1PskLanMy3pxriaGNeUIQOzWKQACjHPE=",
      "System.Private.Uri.dll": "sha256-gJm9dodDjmUElJ5kaI91KjQTtVNhEb8BMfPQFe2Y05c=",
      "System.Private.Xml.dll": "sha256-1mKaIJ0CkAUO1JVW0wxtZ60NSEGKJeob/MlX+Pn2zKE=",
      "System.Runtime.CompilerServices.Unsafe.dll": "sha256-O8jzy1VxwF1FkeOXX8wvxN4lopQ4rblP2FoGfhXExlU=",
      "System.Runtime.dll": "sha256-fkKfQJEFVIjiR7nMKCwBMZz5rbV9SHOfQUDfZ7NCOpU=",
      "System.Security.Cryptography.Algorithms.dll": "sha256-URRWlTbt9qpNn6MRw8t2hTqhJIDN8queVOk34VXGi8s=",
      "System.Security.Cryptography.Primitives.dll": "sha256-KUKpbkL5hy22Shk8ehOImxEm0jif34WLg+q9xGUer24=",
      "System.Text.Encodings.Web.dll": "sha256-I/r3v0ZuvipC4XbnBUilVvZm/SeM7fXH7SZC8KFgcqY=",
      "System.Text.Json.dll": "sha256-WnC7wR2CaQYOOrSjL2ngNyr6afmmw1RE6xyX45WXIcg=",
      "System.Text.RegularExpressions.dll": "sha256-yF67bL8tq4wopquvN3aX/dKCzJrPM15B7/iIEM39aLw="
    },
    "runtimeAssets": {
      "dotnet.wasm": {
        "hash": "sha256-n5ir39cU2I5F0ofFU1Ouab9jtOwHNhhMCxMhF4MIB7Q=",
        "behavior": "dotnetwasm"
      }
    }
  },
  "cacheBootResources": true,
  "debugBuild": false,
  "debugLevel": 0,
  "linkerEnabled": true,
  "config": [],
  "icuDataMode": 0,
  "extensions": {
    "blazor": {}
  }
}